Title,Price,Rating,Reviews,Availability
ZAVERI PEARLS Green Meenakari Kundan Bridal Long Dazzling Necklace Earring Maangtikka Set For Women-ZPFK17761,₹999,4.1 out of 5 stars,299 ratings,In stock
"SALTY Anti Tarnish Fancy Clover Gift Box | Necklace, Earrings & Bracelet Jewellery Set for Women | Latest Stylish Minimal Jewelry Sets | Modern Design Aesthetic Accessories | Ideal for Gifting",₹449,4.0 out of 5 stars,95 ratings,In stock
ZENEME Rhodium-Plated with Silver-Toned Floral Design White American Diamond Studded Jewellery Set,₹909,4.3 out of 5 stars,186 ratings,In stock
Shining Diva Fashion Latest Stylish Design Fancy Traditional Oxidised Silver Necklace Jewellery Set for Women (13165s),₹278,4.0 out of 5 stars,986 ratings,In stock
Shining Diva Fashion Latest Stylish Fancy Sparkling Crystal Diamond Necklace Jewellery Set for Women,₹425,3.9 out of 5 stars,167 ratings,In stock
ZAVERI PEARLS Green Pink Stones Austrian Diamonds Embellished Choker Necklace Earring & Ring Set For Women-ZPFK17672,₹399,4.0 out of 5 stars,110 ratings,In stock
Shining Diva Fashion Latest Stylish Traditional Tibetan Pendant Necklace Jewellery Set for Women,₹279,4.1 out of 5 stars,"1,387 ratings",In stock
Shining Diva Fashion Latest Stylish Fancy Pearl Choker Traditional Jewellery Set for Women | Temple Necklace Set | Festive Wedding Party Necklace | 22k Gold Plated | Just Like Original Gold Jewellery,₹568,3.9 out of 5 stars,"1,564 ratings",In stock
Shining Diva Fashion Italian Designer Platinum Plated Crystal Butterfly Earrings Chain Pendant Necklace Combo Jewellery Set for Women and Girls (Blue) (14603s),₹449,4.2 out of 5 stars,776 ratings,In stock
Shining Diva Latest Stylish Design Pearl Bracelet Earrings Combo Necklace Jewellery Set for Women,₹283,4.1 out of 5 stars,75 ratings,In stock
Fashion Frill Necklace Set For Women | Pearls jewellery set for Women | Gold plated Jewellery Set | Temple jewellery set for Womens Traditional,₹279,4.0 out of 5 stars,330 ratings,In stock
Sukkhi Graceful Curve Shaped Gold Plate White AD Stone Choker Necklace Set With Earring And Maangtika | Jewellery Set For Women (NS105608),₹449,3.8 out of 5 stars,29 ratings,In stock
Sukkhi Charming AD Diamonds Studded Floral Choker Necklace with Danlge Earrings Maangtikka Jewellery Set for Women & Girls,₹399,4.2 out of 5 stars,22 ratings,In stock
Shining Diva Fashion Maximum 48PCS Vintage Butterfly Heart Snake Rings Set Latest Stylish Gold Plated Geometric Hollow Finger Rings for Women and Girls,₹282,3.5 out of 5 stars,203 ratings,In stock
